<?xml version="1.0" encoding="UTF-8"?>
<project-private xmlns="http://www.netbeans.org/ns/project-private/1">
    <editor-bookmarks xmlns="http://www.netbeans.org/ns/editor-bookmarks/2" lastBookmarkId="0"/>
    <open-files xmlns="http://www.netbeans.org/ns/projectui-open-files/2">
        <group>
            <file>file:/C:/xampp/htdocs/tracuudiem/resources/views/search.blade.php</file>
            <file>file:/C:/xampp/htdocs/tracuudiem/app/Http/Controllers/SettingController.php</file>
            <file>file:/C:/xampp/htdocs/tracuudiem/app/Services/UtilService.php</file>
            <file>file:/C:/xampp/htdocs/tracuudiem/app/Http/routes.php</file>
            <file>file:/C:/xampp/htdocs/tracuudiem/resources/assets/less/layout.less</file>
            <file>file:/C:/xampp/htdocs/tracuudiem/public/js/gen-table.js</file>
            <file>file:/C:/xampp/htdocs/tracuudiem/resources/views/layouts/master.blade.php</file>
            <file>file:/C:/xampp/htdocs/tracuudiem/bootstrap/autoload.php</file>
            <file>file:/C:/xampp/htdocs/tracuudiem/bootstrap/app.php</file>
            <file>file:/C:/xampp/htdocs/tracuudiem/app/Services/IUtilService.php</file>
            <file>file:/C:/xampp/htdocs/tracuudiem/app/Http/Controllers/UploadController.php</file>
            <file>file:/C:/xampp/htdocs/tracuudiem/app/Services/MySqlSchemaService.php</file>
            <file>file:/C:/xampp/htdocs/tracuudiem/app/Http/Controllers/SearchController.php</file>
            <file>file:/C:/xampp/htdocs/tracuudiem/public/js/search.js</file>
        </group>
    </open-files>
</project-private>
